{
    "frames":{
        "logo": {
            "frame":{ "x":0,"y":0,"w":238,"h":58 },
            "rotated":false,
            "trimmed":false,
            "spriteSourceSize":{ "x":0,"y":0,"w":238,"h":58 },
            "sourceSize":{ "w":238,"h":58 }
        },
        "rectangle": {
            "frame":{ "x":240,"y":0,"w":76,"h":51 },
            "rotated":false,
            "trimmed":false,
            "spriteSourceSize":{ "x":0,"y":0,"w":76,"h":51 },
            "sourceSize":{ "w":76,"h":51 }
        }
    },
    "meta":{
        "app":"Paul Robson's Python texture packer",
        "version":"1.0",
        "image":"sprites.png",
        "size":{
             "w":512,
             "h":60
         },
         "scale":1
    }
}
